CREATE TABLE IF NOT EXISTS "auth_group" ("id" integer NOT NULL PRIMARY KEY AUTOINCREMENT, "name" varchar(150) NOT NULL UNIQUE);
CREATE UNIQUE INDEX "auth_group_permissions_group_id_permission_id_0cd325b0_uniq" ON "auth_group_permissions" ("group_id", "permission_id");
CREATE INDEX IF NOT EXISTS "auth_group_permissions_group_id_b120cbf9" ON "auth_group_permissions" ("group_id");
CREATE INDEX IF NOT EXISTS "auth_group_permissions_permission_id_84c5c92e" ON "auth_group_permissions" ("permission_id");
CREATE UNIQUE INDEX "auth_user_groups_user_id_group_id_94350c0c_uniq" ON "auth_user_groups" ("user_id", "group_id");
CREATE INDEX IF NOT EXISTS "auth_user_groups_user_id_6a12ed8b" ON "auth_user_groups" ("user_id");
CREATE INDEX IF NOT EXISTS "auth_user_groups_group_id_97559544" ON "auth_user_groups" ("group_id");
CREATE UNIQUE INDEX "auth_user_user_permissions_user_id_permission_id_14a6b632_uniq" ON "auth_user_user_permissions" ("user_id", "permission_id");
CREATE INDEX IF NOT EXISTS "auth_user_user_permissions_user_id_a95ead1b" ON "auth_user_user_permissions" ("user_id");
CREATE INDEX IF NOT EXISTS "auth_user_user_permissions_permission_id_1fbb5f2c" ON "auth_user_user_permissions" ("permission_id");
CREATE INDEX IF NOT EXISTS "django_admin_log_content_type_id_c4bce8eb" ON "django_admin_log" ("content_type_id");
CREATE INDEX IF NOT EXISTS "django_admin_log_user_id_c564eba6" ON "django_admin_log" ("user_id");
CREATE UNIQUE INDEX "django_content_type_app_label_model_76bd3d3b_uniq" ON "django_content_type" ("app_label", "model");
CREATE UNIQUE INDEX "auth_permission_content_type_id_codename_01ab375a_uniq" ON "auth_permission" ("content_type_id", "codename");
CREATE INDEX IF NOT EXISTS "auth_permission_content_type_id_2f476e4b" ON "auth_permission" ("content_type_id");
CREATE INDEX IF NOT EXISTS "main_app_salehistory_user_id_5d2e7428" ON "main_app_salehistory" ("user_id");
CREATE INDEX IF NOT EXISTS "main_app_purchasehistroy_user_id_f00e7434" ON "main_app_purchasehistroy" ("user_id");
CREATE INDEX IF NOT EXISTS "django_session_expire_date_a5c62663" ON "django_session" ("expire_date");
CREATE TABLE IF NOT EXISTS "auth_group_permissions" ("id" integer NOT NULL PRIMARY KEY AUTOINCREMENT, "group_id" integer NOT NULL REFERENCES "auth_group" ("id") DEFERRABLE INITIALLY DEFERRED, "permission_id" integer NOT NULL REFERENCES "auth_permission" ("id") DEFERRABLE INITIALLY DEFERRED);
CREATE UNIQUE INDEX "auth_group_permissions_group_id_permission_id_0cd325b0_uniq" ON "auth_group_permissions" ("group_id", "permission_id");
CREATE INDEX IF NOT EXISTS "auth_group_permissions_group_id_b120cbf9" ON "auth_group_permissions" ("group_id");
CREATE INDEX IF NOT EXISTS "auth_group_permissions_permission_id_84c5c92e" ON "auth_group_permissions" ("permission_id");
CREATE UNIQUE INDEX "auth_user_groups_user_id_group_id_94350c0c_uniq" ON "auth_user_groups" ("user_id", "group_id");
CREATE INDEX IF NOT EXISTS "auth_user_groups_user_id_6a12ed8b" ON "auth_user_groups" ("user_id");
CREATE INDEX IF NOT EXISTS "auth_user_groups_group_id_97559544" ON "auth_user_groups" ("group_id");
CREATE UNIQUE INDEX "auth_user_user_permissions_user_id_permission_id_14a6b632_uniq" ON "auth_user_user_permissions" ("user_id", "permission_id");
CREATE INDEX IF NOT EXISTS "auth_user_user_permissions_user_id_a95ead1b" ON "auth_user_user_permissions" ("user_id");
CREATE INDEX IF NOT EXISTS "auth_user_user_permissions_permission_id_1fbb5f2c" ON "auth_user_user_permissions" ("permission_id");
CREATE INDEX IF NOT EXISTS "django_admin_log_content_type_id_c4bce8eb" ON "django_admin_log" ("content_type_id");
CREATE INDEX IF NOT EXISTS "django_admin_log_user_id_c564eba6" ON "django_admin_log" ("user_id");
CREATE UNIQUE INDEX "django_content_type_app_label_model_76bd3d3b_uniq" ON "django_content_type" ("app_label", "model");
CREATE UNIQUE INDEX "auth_permission_content_type_id_codename_01ab375a_uniq" ON "auth_permission" ("content_type_id", "codename");
CREATE INDEX IF NOT EXISTS "auth_permission_content_type_id_2f476e4b" ON "auth_permission" ("content_type_id");
CREATE INDEX IF NOT EXISTS "main_app_salehistory_user_id_5d2e7428" ON "main_app_salehistory" ("user_id");
CREATE INDEX IF NOT EXISTS "main_app_purchasehistroy_user_id_f00e7434" ON "main_app_purchasehistroy" ("user_id");
CREATE INDEX IF NOT EXISTS "django_session_expire_date_a5c62663" ON "django_session" ("expire_date");
CREATE TABLE IF NOT EXISTS "auth_permission" ("id" integer NOT NULL PRIMARY KEY AUTOINCREMENT, "content_type_id" integer NOT NULL REFERENCES "django_content_type" ("id") DEFERRABLE INITIALLY DEFERRED, "codename" varchar(100) NOT NULL, "name" varchar(255) NOT NULL);
INSERT INTO "auth_permission" VALUES(1,1,'add_expance','Can add expance');
INSERT INTO "auth_permission" VALUES(2,1,'change_expance','Can change expance');
INSERT INTO "auth_permission" VALUES(3,1,'delete_expance','Can delete expance');
INSERT INTO "auth_permission" VALUES(4,1,'view_expance','Can view expance');
INSERT INTO "auth_permission" VALUES(5,2,'add_purchase','Can add purchase');
INSERT INTO "auth_permission" VALUES(6,2,'change_purchase','Can change purchase');
INSERT INTO "auth_permission" VALUES(7,2,'delete_purchase','Can delete purchase');
INSERT INTO "auth_permission" VALUES(8,2,'view_purchase','Can view purchase');
INSERT INTO "auth_permission" VALUES(9,3,'add_remainingstock','Can add remainingstock');
INSERT INTO "auth_permission" VALUES(10,3,'change_remainingstock','Can change remainingstock');
INSERT INTO "auth_permission" VALUES(11,3,'delete_remainingstock','Can delete remainingstock');
INSERT INTO "auth_permission" VALUES(12,3,'view_remainingstock','Can view remainingstock');
INSERT INTO "auth_permission" VALUES(13,4,'add_saletrans','Can add sale trans');
INSERT INTO "auth_permission" VALUES(14,4,'change_saletrans','Can change sale trans');
INSERT INTO "auth_permission" VALUES(15,4,'delete_saletrans','Can delete sale trans');
INSERT INTO "auth_permission" VALUES(16,4,'view_saletrans','Can view sale trans');
INSERT INTO "auth_permission" VALUES(17,5,'add_stock','Can add stock');
INSERT INTO "auth_permission" VALUES(18,5,'change_stock','Can change stock');
INSERT INTO "auth_permission" VALUES(19,5,'delete_stock','Can delete stock');
INSERT INTO "auth_permission" VALUES(20,5,'view_stock','Can view stock');
INSERT INTO "auth_permission" VALUES(21,6,'add_salehistory','Can add salehistory');
INSERT INTO "auth_permission" VALUES(22,6,'change_salehistory','Can change salehistory');
INSERT INTO "auth_permission" VALUES(23,6,'delete_salehistory','Can delete salehistory');
INSERT INTO "auth_permission" VALUES(24,6,'view_salehistory','Can view salehistory');
INSERT INTO "auth_permission" VALUES(25,7,'add_purchasehistroy','Can add purchasehistroy');
INSERT INTO "auth_permission" VALUES(26,7,'change_purchasehistroy','Can change purchasehistroy');
INSERT INTO "auth_permission" VALUES(27,7,'delete_purchasehistroy','Can delete purchasehistroy');
INSERT INTO "auth_permission" VALUES(28,7,'view_purchasehistroy','Can view purchasehistroy');
INSERT INTO "auth_permission" VALUES(29,8,'add_logentry','Can add log entry');
INSERT INTO "auth_permission" VALUES(30,8,'change_logentry','Can change log entry');
INSERT INTO "auth_permission" VALUES(31,8,'delete_logentry','Can delete log entry');
INSERT INTO "auth_permission" VALUES(32,8,'view_logentry','Can view log entry');
INSERT INTO "auth_permission" VALUES(33,9,'add_permission','Can add permission');
INSERT INTO "auth_permission" VALUES(34,9,'change_permission','Can change permission');
INSERT INTO "auth_permission" VALUES(35,9,'delete_permission','Can delete permission');
INSERT INTO "auth_permission" VALUES(36,9,'view_permission','Can view permission');
INSERT INTO "auth_permission" VALUES(37,10,'add_group','Can add group');
INSERT INTO "auth_permission" VALUES(38,10,'change_group','Can change group');
INSERT INTO "auth_permission" VALUES(39,10,'delete_group','Can delete group');
INSERT INTO "auth_permission" VALUES(40,10,'view_group','Can view group');
INSERT INTO "auth_permission" VALUES(41,11,'add_user','Can add user');
INSERT INTO "auth_permission" VALUES(42,11,'change_user','Can change user');
INSERT INTO "auth_permission" VALUES(43,11,'delete_user','Can delete user');
INSERT INTO "auth_permission" VALUES(44,11,'view_user','Can view user');
INSERT INTO "auth_permission" VALUES(45,12,'add_contenttype','Can add content type');
INSERT INTO "auth_permission" VALUES(46,12,'change_contenttype','Can change content type');
INSERT INTO "auth_permission" VALUES(47,12,'delete_contenttype','Can delete content type');
INSERT INTO "auth_permission" VALUES(48,12,'view_contenttype','Can view content type');
INSERT INTO "auth_permission" VALUES(49,13,'add_session','Can add session');
INSERT INTO "auth_permission" VALUES(50,13,'change_session','Can change session');
INSERT INTO "auth_permission" VALUES(51,13,'delete_session','Can delete session');
INSERT INTO "auth_permission" VALUES(52,13,'view_session','Can view session');
CREATE UNIQUE INDEX "auth_group_permissions_group_id_permission_id_0cd325b0_uniq" ON "auth_group_permissions" ("group_id", "permission_id");
CREATE INDEX IF NOT EXISTS "auth_group_permissions_group_id_b120cbf9" ON "auth_group_permissions" ("group_id");
CREATE INDEX IF NOT EXISTS "auth_group_permissions_permission_id_84c5c92e" ON "auth_group_permissions" ("permission_id");
CREATE UNIQUE INDEX "auth_user_groups_user_id_group_id_94350c0c_uniq" ON "auth_user_groups" ("user_id", "group_id");
CREATE INDEX IF NOT EXISTS "auth_user_groups_user_id_6a12ed8b" ON "auth_user_groups" ("user_id");
CREATE INDEX IF NOT EXISTS "auth_user_groups_group_id_97559544" ON "auth_user_groups" ("group_id");
CREATE UNIQUE INDEX "auth_user_user_permissions_user_id_permission_id_14a6b632_uniq" ON "auth_user_user_permissions" ("user_id", "permission_id");
CREATE INDEX IF NOT EXISTS "auth_user_user_permissions_user_id_a95ead1b" ON "auth_user_user_permissions" ("user_id");
CREATE INDEX IF NOT EXISTS "auth_user_user_permissions_permission_id_1fbb5f2c" ON "auth_user_user_permissions" ("permission_id");
CREATE INDEX IF NOT EXISTS "django_admin_log_content_type_id_c4bce8eb" ON "django_admin_log" ("content_type_id");
CREATE INDEX IF NOT EXISTS "django_admin_log_user_id_c564eba6" ON "django_admin_log" ("user_id");
CREATE UNIQUE INDEX "django_content_type_app_label_model_76bd3d3b_uniq" ON "django_content_type" ("app_label", "model");
CREATE UNIQUE INDEX "auth_permission_content_type_id_codename_01ab375a_uniq" ON "auth_permission" ("content_type_id", "codename");
CREATE INDEX IF NOT EXISTS "auth_permission_content_type_id_2f476e4b" ON "auth_permission" ("content_type_id");
CREATE INDEX IF NOT EXISTS "main_app_salehistory_user_id_5d2e7428" ON "main_app_salehistory" ("user_id");
CREATE INDEX IF NOT EXISTS "main_app_purchasehistroy_user_id_f00e7434" ON "main_app_purchasehistroy" ("user_id");
CREATE INDEX IF NOT EXISTS "django_session_expire_date_a5c62663" ON "django_session" ("expire_date");
CREATE TABLE IF NOT EXISTS "auth_user" ("id" integer NOT NULL PRIMARY KEY AUTOINCREMENT, "password" varchar(128) NOT NULL, "last_login" datetime NULL, "is_superuser" bool NOT NULL, "username" varchar(150) NOT NULL UNIQUE, "last_name" varchar(150) NOT NULL, "email" varchar(254) NOT NULL, "is_staff" bool NOT NULL, "is_active" bool NOT NULL, "date_joined" datetime NOT NULL, "first_name" varchar(150) NOT NULL);
INSERT INTO "auth_user" VALUES(1,'pbkdf2_sha256$216000$EvPpUqjss7xI$MTxWVpn/MJpniKEyZwuj3tonpYNNjOFMy9PuTtNRsPo=','2020-10-10 17:16:04.804748',1,'admin','','admin@gmail.com',1,1,'2020-10-10 17:15:55.378688','');
CREATE UNIQUE INDEX "auth_group_permissions_group_id_permission_id_0cd325b0_uniq" ON "auth_group_permissions" ("group_id", "permission_id");
CREATE INDEX IF NOT EXISTS "auth_group_permissions_group_id_b120cbf9" ON "auth_group_permissions" ("group_id");
CREATE INDEX IF NOT EXISTS "auth_group_permissions_permission_id_84c5c92e" ON "auth_group_permissions" ("permission_id");
CREATE UNIQUE INDEX "auth_user_groups_user_id_group_id_94350c0c_uniq" ON "auth_user_groups" ("user_id", "group_id");
CREATE INDEX IF NOT EXISTS "auth_user_groups_user_id_6a12ed8b" ON "auth_user_groups" ("user_id");
CREATE INDEX IF NOT EXISTS "auth_user_groups_group_id_97559544" ON "auth_user_groups" ("group_id");
CREATE UNIQUE INDEX "auth_user_user_permissions_user_id_permission_id_14a6b632_uniq" ON "auth_user_user_permissions" ("user_id", "permission_id");
CREATE INDEX IF NOT EXISTS "auth_user_user_permissions_user_id_a95ead1b" ON "auth_user_user_permissions" ("user_id");
CREATE INDEX IF NOT EXISTS "auth_user_user_permissions_permission_id_1fbb5f2c" ON "auth_user_user_permissions" ("permission_id");
CREATE INDEX IF NOT EXISTS "django_admin_log_content_type_id_c4bce8eb" ON "django_admin_log" ("content_type_id");
CREATE INDEX IF NOT EXISTS "django_admin_log_user_id_c564eba6" ON "django_admin_log" ("user_id");
CREATE UNIQUE INDEX "django_content_type_app_label_model_76bd3d3b_uniq" ON "django_content_type" ("app_label", "model");
CREATE UNIQUE INDEX "auth_permission_content_type_id_codename_01ab375a_uniq" ON "auth_permission" ("content_type_id", "codename");
CREATE INDEX IF NOT EXISTS "auth_permission_content_type_id_2f476e4b" ON "auth_permission" ("content_type_id");
CREATE INDEX IF NOT EXISTS "main_app_salehistory_user_id_5d2e7428" ON "main_app_salehistory" ("user_id");
CREATE INDEX IF NOT EXISTS "main_app_purchasehistroy_user_id_f00e7434" ON "main_app_purchasehistroy" ("user_id");
CREATE INDEX IF NOT EXISTS "django_session_expire_date_a5c62663" ON "django_session" ("expire_date");
CREATE TABLE IF NOT EXISTS "auth_user_groups" ("id" integer NOT NULL PRIMARY KEY AUTOINCREMENT, "user_id" integer NOT NULL REFERENCES "auth_user" ("id") DEFERRABLE INITIALLY DEFERRED, "group_id" integer NOT NULL REFERENCES "auth_group" ("id") DEFERRABLE INITIALLY DEFERRED);
CREATE UNIQUE INDEX "auth_group_permissions_group_id_permission_id_0cd325b0_uniq" ON "auth_group_permissions" ("group_id", "permission_id");
CREATE INDEX IF NOT EXISTS "auth_group_permissions_group_id_b120cbf9" ON "auth_group_permissions" ("group_id");
CREATE INDEX IF NOT EXISTS "auth_group_permissions_permission_id_84c5c92e" ON "auth_group_permissions" ("permission_id");
CREATE UNIQUE INDEX "auth_user_groups_user_id_group_id_94350c0c_uniq" ON "auth_user_groups" ("user_id", "group_id");
CREATE INDEX IF NOT EXISTS "auth_user_groups_user_id_6a12ed8b" ON "auth_user_groups" ("user_id");
CREATE INDEX IF NOT EXISTS "auth_user_groups_group_id_97559544" ON "auth_user_groups" ("group_id");
CREATE UNIQUE INDEX "auth_user_user_permissions_user_id_permission_id_14a6b632_uniq" ON "auth_user_user_permissions" ("user_id", "permission_id");
CREATE INDEX IF NOT EXISTS "auth_user_user_permissions_user_id_a95ead1b" ON "auth_user_user_permissions" ("user_id");
CREATE INDEX IF NOT EXISTS "auth_user_user_permissions_permission_id_1fbb5f2c" ON "auth_user_user_permissions" ("permission_id");
CREATE INDEX IF NOT EXISTS "django_admin_log_content_type_id_c4bce8eb" ON "django_admin_log" ("content_type_id");
CREATE INDEX IF NOT EXISTS "django_admin_log_user_id_c564eba6" ON "django_admin_log" ("user_id");
CREATE UNIQUE INDEX "django_content_type_app_label_model_76bd3d3b_uniq" ON "django_content_type" ("app_label", "model");
CREATE UNIQUE INDEX "auth_permission_content_type_id_codename_01ab375a_uniq" ON "auth_permission" ("content_type_id", "codename");
CREATE INDEX IF NOT EXISTS "auth_permission_content_type_id_2f476e4b" ON "auth_permission" ("content_type_id");
CREATE INDEX IF NOT EXISTS "main_app_salehistory_user_id_5d2e7428" ON "main_app_salehistory" ("user_id");
CREATE INDEX IF NOT EXISTS "main_app_purchasehistroy_user_id_f00e7434" ON "main_app_purchasehistroy" ("user_id");
CREATE INDEX IF NOT EXISTS "django_session_expire_date_a5c62663" ON "django_session" ("expire_date");
CREATE TABLE IF NOT EXISTS "auth_user_user_permissions" ("id" integer NOT NULL PRIMARY KEY AUTOINCREMENT, "user_id" integer NOT NULL REFERENCES "auth_user" ("id") DEFERRABLE INITIALLY DEFERRED, "permission_id" integer NOT NULL REFERENCES "auth_permission" ("id") DEFERRABLE INITIALLY DEFERRED);
CREATE UNIQUE INDEX "auth_group_permissions_group_id_permission_id_0cd325b0_uniq" ON "auth_group_permissions" ("group_id", "permission_id");
CREATE INDEX IF NOT EXISTS "auth_group_permissions_group_id_b120cbf9" ON "auth_group_permissions" ("group_id");
CREATE INDEX IF NOT EXISTS "auth_group_permissions_permission_id_84c5c92e" ON "auth_group_permissions" ("permission_id");
CREATE UNIQUE INDEX "auth_user_groups_user_id_group_id_94350c0c_uniq" ON "auth_user_groups" ("user_id", "group_id");
CREATE INDEX IF NOT EXISTS "auth_user_groups_user_id_6a12ed8b" ON "auth_user_groups" ("user_id");
CREATE INDEX IF NOT EXISTS "auth_user_groups_group_id_97559544" ON "auth_user_groups" ("group_id");
CREATE UNIQUE INDEX "auth_user_user_permissions_user_id_permission_id_14a6b632_uniq" ON "auth_user_user_permissions" ("user_id", "permission_id");
CREATE INDEX IF NOT EXISTS "auth_user_user_permissions_user_id_a95ead1b" ON "auth_user_user_permissions" ("user_id");
CREATE INDEX IF NOT EXISTS "auth_user_user_permissions_permission_id_1fbb5f2c" ON "auth_user_user_permissions" ("permission_id");
CREATE INDEX IF NOT EXISTS "django_admin_log_content_type_id_c4bce8eb" ON "django_admin_log" ("content_type_id");
CREATE INDEX IF NOT EXISTS "django_admin_log_user_id_c564eba6" ON "django_admin_log" ("user_id");
CREATE UNIQUE INDEX "django_content_type_app_label_model_76bd3d3b_uniq" ON "django_content_type" ("app_label", "model");
CREATE UNIQUE INDEX "auth_permission_content_type_id_codename_01ab375a_uniq" ON "auth_permission" ("content_type_id", "codename");
CREATE INDEX IF NOT EXISTS "auth_permission_content_type_id_2f476e4b" ON "auth_permission" ("content_type_id");
CREATE INDEX IF NOT EXISTS "main_app_salehistory_user_id_5d2e7428" ON "main_app_salehistory" ("user_id");
CREATE INDEX IF NOT EXISTS "main_app_purchasehistroy_user_id_f00e7434" ON "main_app_purchasehistroy" ("user_id");
CREATE INDEX IF NOT EXISTS "django_session_expire_date_a5c62663" ON "django_session" ("expire_date");
CREATE TABLE IF NOT EXISTS "django_admin_log" ("id" integer NOT NULL PRIMARY KEY AUTOINCREMENT, "action_time" datetime NOT NULL, "object_id" text NULL, "object_repr" varchar(200) NOT NULL, "change_message" text NOT NULL, "content_type_id" integer NULL REFERENCES "django_content_type" ("id") DEFERRABLE INITIALLY DEFERRED, "user_id" integer NOT NULL REFERENCES "auth_user" ("id") DEFERRABLE INITIALLY DEFERRED, "action_flag" smallint unsigned NOT NULL CHECK ("action_flag" >= 0));
CREATE UNIQUE INDEX "auth_group_permissions_group_id_permission_id_0cd325b0_uniq" ON "auth_group_permissions" ("group_id", "permission_id");
CREATE INDEX IF NOT EXISTS "auth_group_permissions_group_id_b120cbf9" ON "auth_group_permissions" ("group_id");
CREATE INDEX IF NOT EXISTS "auth_group_permissions_permission_id_84c5c92e" ON "auth_group_permissions" ("permission_id");
CREATE UNIQUE INDEX "auth_user_groups_user_id_group_id_94350c0c_uniq" ON "auth_user_groups" ("user_id", "group_id");
CREATE INDEX IF NOT EXISTS "auth_user_groups_user_id_6a12ed8b" ON "auth_user_groups" ("user_id");
CREATE INDEX IF NOT EXISTS "auth_user_groups_group_id_97559544" ON "auth_user_groups" ("group_id");
CREATE UNIQUE INDEX "auth_user_user_permissions_user_id_permission_id_14a6b632_uniq" ON "auth_user_user_permissions" ("user_id", "permission_id");
CREATE INDEX IF NOT EXISTS "auth_user_user_permissions_user_id_a95ead1b" ON "auth_user_user_permissions" ("user_id");
CREATE INDEX IF NOT EXISTS "auth_user_user_permissions_permission_id_1fbb5f2c" ON "auth_user_user_permissions" ("permission_id");
CREATE INDEX IF NOT EXISTS "django_admin_log_content_type_id_c4bce8eb" ON "django_admin_log" ("content_type_id");
CREATE INDEX IF NOT EXISTS "django_admin_log_user_id_c564eba6" ON "django_admin_log" ("user_id");
CREATE UNIQUE INDEX "django_content_type_app_label_model_76bd3d3b_uniq" ON "django_content_type" ("app_label", "model");
CREATE UNIQUE INDEX "auth_permission_content_type_id_codename_01ab375a_uniq" ON "auth_permission" ("content_type_id", "codename");
CREATE INDEX IF NOT EXISTS "auth_permission_content_type_id_2f476e4b" ON "auth_permission" ("content_type_id");
CREATE INDEX IF NOT EXISTS "main_app_salehistory_user_id_5d2e7428" ON "main_app_salehistory" ("user_id");
CREATE INDEX IF NOT EXISTS "main_app_purchasehistroy_user_id_f00e7434" ON "main_app_purchasehistroy" ("user_id");
CREATE INDEX IF NOT EXISTS "django_session_expire_date_a5c62663" ON "django_session" ("expire_date");
CREATE TABLE IF NOT EXISTS "django_content_type" ("id" integer NOT NULL PRIMARY KEY AUTOINCREMENT, "app_label" varchar(100) NOT NULL, "model" varchar(100) NOT NULL);
INSERT INTO "django_content_type" VALUES(1,'main_app','expance');
INSERT INTO "django_content_type" VALUES(2,'main_app','purchase');
INSERT INTO "django_content_type" VALUES(3,'main_app','remainingstock');
INSERT INTO "django_content_type" VALUES(4,'main_app','saletrans');
INSERT INTO "django_content_type" VALUES(5,'main_app','stock');
INSERT INTO "django_content_type" VALUES(6,'main_app','salehistory');
INSERT INTO "django_content_type" VALUES(7,'main_app','purchasehistroy');
INSERT INTO "django_content_type" VALUES(8,'admin','logentry');
INSERT INTO "django_content_type" VALUES(9,'auth','permission');
INSERT INTO "django_content_type" VALUES(10,'auth','group');
INSERT INTO "django_content_type" VALUES(11,'auth','user');
INSERT INTO "django_content_type" VALUES(12,'contenttypes','contenttype');
INSERT INTO "django_content_type" VALUES(13,'sessions','session');
CREATE UNIQUE INDEX "auth_group_permissions_group_id_permission_id_0cd325b0_uniq" ON "auth_group_permissions" ("group_id", "permission_id");
CREATE INDEX IF NOT EXISTS "auth_group_permissions_group_id_b120cbf9" ON "auth_group_permissions" ("group_id");
CREATE INDEX IF NOT EXISTS "auth_group_permissions_permission_id_84c5c92e" ON "auth_group_permissions" ("permission_id");
CREATE UNIQUE INDEX "auth_user_groups_user_id_group_id_94350c0c_uniq" ON "auth_user_groups" ("user_id", "group_id");
CREATE INDEX IF NOT EXISTS "auth_user_groups_user_id_6a12ed8b" ON "auth_user_groups" ("user_id");
CREATE INDEX IF NOT EXISTS "auth_user_groups_group_id_97559544" ON "auth_user_groups" ("group_id");
CREATE UNIQUE INDEX "auth_user_user_permissions_user_id_permission_id_14a6b632_uniq" ON "auth_user_user_permissions" ("user_id", "permission_id");
CREATE INDEX IF NOT EXISTS "auth_user_user_permissions_user_id_a95ead1b" ON "auth_user_user_permissions" ("user_id");
CREATE INDEX IF NOT EXISTS "auth_user_user_permissions_permission_id_1fbb5f2c" ON "auth_user_user_permissions" ("permission_id");
CREATE INDEX IF NOT EXISTS "django_admin_log_content_type_id_c4bce8eb" ON "django_admin_log" ("content_type_id");
CREATE INDEX IF NOT EXISTS "django_admin_log_user_id_c564eba6" ON "django_admin_log" ("user_id");
CREATE UNIQUE INDEX "django_content_type_app_label_model_76bd3d3b_uniq" ON "django_content_type" ("app_label", "model");
CREATE UNIQUE INDEX "auth_permission_content_type_id_codename_01ab375a_uniq" ON "auth_permission" ("content_type_id", "codename");
CREATE INDEX IF NOT EXISTS "auth_permission_content_type_id_2f476e4b" ON "auth_permission" ("content_type_id");
CREATE INDEX IF NOT EXISTS "main_app_salehistory_user_id_5d2e7428" ON "main_app_salehistory" ("user_id");
CREATE INDEX IF NOT EXISTS "main_app_purchasehistroy_user_id_f00e7434" ON "main_app_purchasehistroy" ("user_id");
CREATE INDEX IF NOT EXISTS "django_session_expire_date_a5c62663" ON "django_session" ("expire_date");
CREATE TABLE IF NOT EXISTS "django_migrations" ("id" integer NOT NULL PRIMARY KEY AUTOINCREMENT, "app" varchar(255) NOT NULL, "name" varchar(255) NOT NULL, "applied" datetime NOT NULL);
INSERT INTO "django_migrations" VALUES(1,'contenttypes','0001_initial','2020-10-10 17:15:03.861548');
INSERT INTO "django_migrations" VALUES(2,'auth','0001_initial','2020-10-10 17:15:03.881537');
INSERT INTO "django_migrations" VALUES(3,'admin','0001_initial','2020-10-10 17:15:03.899692');
INSERT INTO "django_migrations" VALUES(4,'admin','0002_logentry_remove_auto_add','2020-10-10 17:15:03.929717');
INSERT INTO "django_migrations" VALUES(5,'admin','0003_logentry_add_action_flag_choices','2020-10-10 17:15:03.953713');
INSERT INTO "django_migrations" VALUES(6,'contenttypes','0002_remove_content_type_name','2020-10-10 17:15:03.987705');
INSERT INTO "django_migrations" VALUES(7,'auth','0002_alter_permission_name_max_length','2020-10-10 17:15:04.006714');
INSERT INTO "django_migrations" VALUES(8,'auth','0003_alter_user_email_max_length','2020-10-10 17:15:04.030703');
INSERT INTO "django_migrations" VALUES(9,'auth','0004_alter_user_username_opts','2020-10-10 17:15:04.053719');
INSERT INTO "django_migrations" VALUES(10,'auth','0005_alter_user_last_login_null','2020-10-10 17:15:04.079723');
INSERT INTO "django_migrations" VALUES(11,'auth','0006_require_contenttypes_0002','2020-10-10 17:15:04.093706');
INSERT INTO "django_migrations" VALUES(12,'auth','0007_alter_validators_add_error_messages','2020-10-10 17:15:04.108710');
INSERT INTO "django_migrations" VALUES(13,'auth','0008_alter_user_username_max_length','2020-10-10 17:15:04.135725');
INSERT INTO "django_migrations" VALUES(14,'auth','0009_alter_user_last_name_max_length','2020-10-10 17:15:04.168712');
INSERT INTO "django_migrations" VALUES(15,'auth','0010_alter_group_name_max_length','2020-10-10 17:15:04.195727');
INSERT INTO "django_migrations" VALUES(16,'auth','0011_update_proxy_permissions','2020-10-10 17:15:04.215730');
INSERT INTO "django_migrations" VALUES(17,'auth','0012_alter_user_first_name_max_length','2020-10-10 17:15:04.236728');
INSERT INTO "django_migrations" VALUES(18,'main_app','0001_initial','2020-10-10 17:15:04.271742');
INSERT INTO "django_migrations" VALUES(19,'sessions','0001_initial','2020-10-10 17:15:04.282408');
CREATE UNIQUE INDEX "auth_group_permissions_group_id_permission_id_0cd325b0_uniq" ON "auth_group_permissions" ("group_id", "permission_id");
CREATE INDEX IF NOT EXISTS "auth_group_permissions_group_id_b120cbf9" ON "auth_group_permissions" ("group_id");
CREATE INDEX IF NOT EXISTS "auth_group_permissions_permission_id_84c5c92e" ON "auth_group_permissions" ("permission_id");
CREATE UNIQUE INDEX "auth_user_groups_user_id_group_id_94350c0c_uniq" ON "auth_user_groups" ("user_id", "group_id");
CREATE INDEX IF NOT EXISTS "auth_user_groups_user_id_6a12ed8b" ON "auth_user_groups" ("user_id");
CREATE INDEX IF NOT EXISTS "auth_user_groups_group_id_97559544" ON "auth_user_groups" ("group_id");
CREATE UNIQUE INDEX "auth_user_user_permissions_user_id_permission_id_14a6b632_uniq" ON "auth_user_user_permissions" ("user_id", "permission_id");
CREATE INDEX IF NOT EXISTS "auth_user_user_permissions_user_id_a95ead1b" ON "auth_user_user_permissions" ("user_id");
CREATE INDEX IF NOT EXISTS "auth_user_user_permissions_permission_id_1fbb5f2c" ON "auth_user_user_permissions" ("permission_id");
CREATE INDEX IF NOT EXISTS "django_admin_log_content_type_id_c4bce8eb" ON "django_admin_log" ("content_type_id");
CREATE INDEX IF NOT EXISTS "django_admin_log_user_id_c564eba6" ON "django_admin_log" ("user_id");
CREATE UNIQUE INDEX "django_content_type_app_label_model_76bd3d3b_uniq" ON "django_content_type" ("app_label", "model");
CREATE UNIQUE INDEX "auth_permission_content_type_id_codename_01ab375a_uniq" ON "auth_permission" ("content_type_id", "codename");
CREATE INDEX IF NOT EXISTS "auth_permission_content_type_id_2f476e4b" ON "auth_permission" ("content_type_id");
CREATE INDEX IF NOT EXISTS "main_app_salehistory_user_id_5d2e7428" ON "main_app_salehistory" ("user_id");
CREATE INDEX IF NOT EXISTS "main_app_purchasehistroy_user_id_f00e7434" ON "main_app_purchasehistroy" ("user_id");
CREATE INDEX IF NOT EXISTS "django_session_expire_date_a5c62663" ON "django_session" ("expire_date");
CREATE TABLE IF NOT EXISTS "django_session" ("session_key" varchar(40) NOT NULL PRIMARY KEY, "session_data" text NOT NULL, "expire_date" datetime NOT NULL);
INSERT INTO "django_session" VALUES('adaivashcmvi63jo2lfqu8but2owhx59','.eJxVjEEOwiAQRe_C2pABCmVcuvcMzQxMpGogKe3KeHdt0oVu_3vvv9RE21qmrcsyzVmdlVGn340pPaTuIN-p3ppOra7LzHpX9EG7vrYsz8vh_h0U6uVbEwKgGyMKIFoP6MVmCBwMe5FIKROMPgTkBMmwNegwchZwAzk3GPX-AMByNw0:1kRITU:FD7Ob0FMloPlLcAUaP59nyQp07u3m-KV7SyoWVyko00','2020-10-24 17:16:04.827752');
CREATE UNIQUE INDEX "auth_group_permissions_group_id_permission_id_0cd325b0_uniq" ON "auth_group_permissions" ("group_id", "permission_id");
CREATE INDEX IF NOT EXISTS "auth_group_permissions_group_id_b120cbf9" ON "auth_group_permissions" ("group_id");
CREATE INDEX IF NOT EXISTS "auth_group_permissions_permission_id_84c5c92e" ON "auth_group_permissions" ("permission_id");
CREATE UNIQUE INDEX "auth_user_groups_user_id_group_id_94350c0c_uniq" ON "auth_user_groups" ("user_id", "group_id");
CREATE INDEX IF NOT EXISTS "auth_user_groups_user_id_6a12ed8b" ON "auth_user_groups" ("user_id");
CREATE INDEX IF NOT EXISTS "auth_user_groups_group_id_97559544" ON "auth_user_groups" ("group_id");
CREATE UNIQUE INDEX "auth_user_user_permissions_user_id_permission_id_14a6b632_uniq" ON "auth_user_user_permissions" ("user_id", "permission_id");
CREATE INDEX IF NOT EXISTS "auth_user_user_permissions_user_id_a95ead1b" ON "auth_user_user_permissions" ("user_id");
CREATE INDEX IF NOT EXISTS "auth_user_user_permissions_permission_id_1fbb5f2c" ON "auth_user_user_permissions" ("permission_id");
CREATE INDEX IF NOT EXISTS "django_admin_log_content_type_id_c4bce8eb" ON "django_admin_log" ("content_type_id");
CREATE INDEX IF NOT EXISTS "django_admin_log_user_id_c564eba6" ON "django_admin_log" ("user_id");
CREATE UNIQUE INDEX "django_content_type_app_label_model_76bd3d3b_uniq" ON "django_content_type" ("app_label", "model");
CREATE UNIQUE INDEX "auth_permission_content_type_id_codename_01ab375a_uniq" ON "auth_permission" ("content_type_id", "codename");
CREATE INDEX IF NOT EXISTS "auth_permission_content_type_id_2f476e4b" ON "auth_permission" ("content_type_id");
CREATE INDEX IF NOT EXISTS "main_app_salehistory_user_id_5d2e7428" ON "main_app_salehistory" ("user_id");
CREATE INDEX IF NOT EXISTS "main_app_purchasehistroy_user_id_f00e7434" ON "main_app_purchasehistroy" ("user_id");
CREATE INDEX IF NOT EXISTS "django_session_expire_date_a5c62663" ON "django_session" ("expire_date");
CREATE TABLE IF NOT EXISTS "main_app_expance" ("id" integer NOT NULL PRIMARY KEY AUTOINCREMENT, "name" varchar(256) NOT NULL, "remark" varchar(256) NOT NULL, "price" integer NOT NULL, "uploaded_at" date NOT NULL);
CREATE UNIQUE INDEX "auth_group_permissions_group_id_permission_id_0cd325b0_uniq" ON "auth_group_permissions" ("group_id", "permission_id");
CREATE INDEX IF NOT EXISTS "auth_group_permissions_group_id_b120cbf9" ON "auth_group_permissions" ("group_id");
CREATE INDEX IF NOT EXISTS "auth_group_permissions_permission_id_84c5c92e" ON "auth_group_permissions" ("permission_id");
CREATE UNIQUE INDEX "auth_user_groups_user_id_group_id_94350c0c_uniq" ON "auth_user_groups" ("user_id", "group_id");
CREATE INDEX IF NOT EXISTS "auth_user_groups_user_id_6a12ed8b" ON "auth_user_groups" ("user_id");
CREATE INDEX IF NOT EXISTS "auth_user_groups_group_id_97559544" ON "auth_user_groups" ("group_id");
CREATE UNIQUE INDEX "auth_user_user_permissions_user_id_permission_id_14a6b632_uniq" ON "auth_user_user_permissions" ("user_id", "permission_id");
CREATE INDEX IF NOT EXISTS "auth_user_user_permissions_user_id_a95ead1b" ON "auth_user_user_permissions" ("user_id");
CREATE INDEX IF NOT EXISTS "auth_user_user_permissions_permission_id_1fbb5f2c" ON "auth_user_user_permissions" ("permission_id");
CREATE INDEX IF NOT EXISTS "django_admin_log_content_type_id_c4bce8eb" ON "django_admin_log" ("content_type_id");
CREATE INDEX IF NOT EXISTS "django_admin_log_user_id_c564eba6" ON "django_admin_log" ("user_id");
CREATE UNIQUE INDEX "django_content_type_app_label_model_76bd3d3b_uniq" ON "django_content_type" ("app_label", "model");
CREATE UNIQUE INDEX "auth_permission_content_type_id_codename_01ab375a_uniq" ON "auth_permission" ("content_type_id", "codename");
CREATE INDEX IF NOT EXISTS "auth_permission_content_type_id_2f476e4b" ON "auth_permission" ("content_type_id");
CREATE INDEX IF NOT EXISTS "main_app_salehistory_user_id_5d2e7428" ON "main_app_salehistory" ("user_id");
CREATE INDEX IF NOT EXISTS "main_app_purchasehistroy_user_id_f00e7434" ON "main_app_purchasehistroy" ("user_id");
CREATE INDEX IF NOT EXISTS "django_session_expire_date_a5c62663" ON "django_session" ("expire_date");
CREATE TABLE IF NOT EXISTS "main_app_purchase" ("id" integer NOT NULL PRIMARY KEY AUTOINCREMENT, "vandor_name" varchar(100) NOT NULL, "mobile_no" varchar(100) NOT NULL, "batch_sr_no" varchar(100) NOT NULL, "stock_name" varchar(100) NOT NULL, "vandor_price" integer NOT NULL, "pack" integer NOT NULL, "size" varchar(100) NOT NULL, "qty" integer NOT NULL, "selling_price" integer NOT NULL, "total" integer NOT NULL, "date" date NOT NULL, "paid" integer NOT NULL, "remaining" integer NOT NULL, "remark" varchar(100) NOT NULL);
INSERT INTO "main_app_purchase" VALUES(1,'pratik','8483912514','B14','Nirwana',60,50,'1 ML',60,80,3600,'2020-10-10',3000,600,'Cash');
CREATE UNIQUE INDEX "auth_group_permissions_group_id_permission_id_0cd325b0_uniq" ON "auth_group_permissions" ("group_id", "permission_id");
CREATE INDEX IF NOT EXISTS "auth_group_permissions_group_id_b120cbf9" ON "auth_group_permissions" ("group_id");
CREATE INDEX IF NOT EXISTS "auth_group_permissions_permission_id_84c5c92e" ON "auth_group_permissions" ("permission_id");
CREATE UNIQUE INDEX "auth_user_groups_user_id_group_id_94350c0c_uniq" ON "auth_user_groups" ("user_id", "group_id");
CREATE INDEX IF NOT EXISTS "auth_user_groups_user_id_6a12ed8b" ON "auth_user_groups" ("user_id");
CREATE INDEX IF NOT EXISTS "auth_user_groups_group_id_97559544" ON "auth_user_groups" ("group_id");
CREATE UNIQUE INDEX "auth_user_user_permissions_user_id_permission_id_14a6b632_uniq" ON "auth_user_user_permissions" ("user_id", "permission_id");
CREATE INDEX IF NOT EXISTS "auth_user_user_permissions_user_id_a95ead1b" ON "auth_user_user_permissions" ("user_id");
CREATE INDEX IF NOT EXISTS "auth_user_user_permissions_permission_id_1fbb5f2c" ON "auth_user_user_permissions" ("permission_id");
CREATE INDEX IF NOT EXISTS "django_admin_log_content_type_id_c4bce8eb" ON "django_admin_log" ("content_type_id");
CREATE INDEX IF NOT EXISTS "django_admin_log_user_id_c564eba6" ON "django_admin_log" ("user_id");
CREATE UNIQUE INDEX "django_content_type_app_label_model_76bd3d3b_uniq" ON "django_content_type" ("app_label", "model");
CREATE UNIQUE INDEX "auth_permission_content_type_id_codename_01ab375a_uniq" ON "auth_permission" ("content_type_id", "codename");
CREATE INDEX IF NOT EXISTS "auth_permission_content_type_id_2f476e4b" ON "auth_permission" ("content_type_id");
CREATE INDEX IF NOT EXISTS "main_app_salehistory_user_id_5d2e7428" ON "main_app_salehistory" ("user_id");
CREATE INDEX IF NOT EXISTS "main_app_purchasehistroy_user_id_f00e7434" ON "main_app_purchasehistroy" ("user_id");
CREATE INDEX IF NOT EXISTS "django_session_expire_date_a5c62663" ON "django_session" ("expire_date");
CREATE TABLE IF NOT EXISTS "main_app_purchasehistroy" ("id" integer NOT NULL PRIMARY KEY AUTOINCREMENT, "total" integer NOT NULL, "paid" integer NOT NULL, "remaining" integer NOT NULL, "remark" varchar(50) NOT NULL, "date" date NOT NULL, "user_id" integer NULL REFERENCES "main_app_purchase" ("id") DEFERRABLE INITIALLY DEFERRED);
INSERT INTO "main_app_purchasehistroy" VALUES(1,3600,3000,600,'Cash','2020-10-10',1);
CREATE UNIQUE INDEX "auth_group_permissions_group_id_permission_id_0cd325b0_uniq" ON "auth_group_permissions" ("group_id", "permission_id");
CREATE INDEX IF NOT EXISTS "auth_group_permissions_group_id_b120cbf9" ON "auth_group_permissions" ("group_id");
CREATE INDEX IF NOT EXISTS "auth_group_permissions_permission_id_84c5c92e" ON "auth_group_permissions" ("permission_id");
CREATE UNIQUE INDEX "auth_user_groups_user_id_group_id_94350c0c_uniq" ON "auth_user_groups" ("user_id", "group_id");
CREATE INDEX IF NOT EXISTS "auth_user_groups_user_id_6a12ed8b" ON "auth_user_groups" ("user_id");
CREATE INDEX IF NOT EXISTS "auth_user_groups_group_id_97559544" ON "auth_user_groups" ("group_id");
CREATE UNIQUE INDEX "auth_user_user_permissions_user_id_permission_id_14a6b632_uniq" ON "auth_user_user_permissions" ("user_id", "permission_id");
CREATE INDEX IF NOT EXISTS "auth_user_user_permissions_user_id_a95ead1b" ON "auth_user_user_permissions" ("user_id");
CREATE INDEX IF NOT EXISTS "auth_user_user_permissions_permission_id_1fbb5f2c" ON "auth_user_user_permissions" ("permission_id");
CREATE INDEX IF NOT EXISTS "django_admin_log_content_type_id_c4bce8eb" ON "django_admin_log" ("content_type_id");
CREATE INDEX IF NOT EXISTS "django_admin_log_user_id_c564eba6" ON "django_admin_log" ("user_id");
CREATE UNIQUE INDEX "django_content_type_app_label_model_76bd3d3b_uniq" ON "django_content_type" ("app_label", "model");
CREATE UNIQUE INDEX "auth_permission_content_type_id_codename_01ab375a_uniq" ON "auth_permission" ("content_type_id", "codename");
CREATE INDEX IF NOT EXISTS "auth_permission_content_type_id_2f476e4b" ON "auth_permission" ("content_type_id");
CREATE INDEX IF NOT EXISTS "main_app_salehistory_user_id_5d2e7428" ON "main_app_salehistory" ("user_id");
CREATE INDEX IF NOT EXISTS "main_app_purchasehistroy_user_id_f00e7434" ON "main_app_purchasehistroy" ("user_id");
CREATE INDEX IF NOT EXISTS "django_session_expire_date_a5c62663" ON "django_session" ("expire_date");
CREATE TABLE IF NOT EXISTS "main_app_remainingstock" ("id" integer NOT NULL PRIMARY KEY AUTOINCREMENT, "batch_sr_no" varchar(100) NOT NULL, "stock_name" varchar(100) NOT NULL, "pack" integer NOT NULL, "size" varchar(100) NOT NULL, "qty" integer NOT NULL, "selling_price" integer NOT NULL, "date" date NOT NULL);
INSERT INTO "main_app_remainingstock" VALUES(1,'B11','Any',21,'10 KG',1,400,'2020-10-10');
CREATE UNIQUE INDEX "auth_group_permissions_group_id_permission_id_0cd325b0_uniq" ON "auth_group_permissions" ("group_id", "permission_id");
CREATE INDEX IF NOT EXISTS "auth_group_permissions_group_id_b120cbf9" ON "auth_group_permissions" ("group_id");
CREATE INDEX IF NOT EXISTS "auth_group_permissions_permission_id_84c5c92e" ON "auth_group_permissions" ("permission_id");
CREATE UNIQUE INDEX "auth_user_groups_user_id_group_id_94350c0c_uniq" ON "auth_user_groups" ("user_id", "group_id");
CREATE INDEX IF NOT EXISTS "auth_user_groups_user_id_6a12ed8b" ON "auth_user_groups" ("user_id");
CREATE INDEX IF NOT EXISTS "auth_user_groups_group_id_97559544" ON "auth_user_groups" ("group_id");
CREATE UNIQUE INDEX "auth_user_user_permissions_user_id_permission_id_14a6b632_uniq" ON "auth_user_user_permissions" ("user_id", "permission_id");
CREATE INDEX IF NOT EXISTS "auth_user_user_permissions_user_id_a95ead1b" ON "auth_user_user_permissions" ("user_id");
CREATE INDEX IF NOT EXISTS "auth_user_user_permissions_permission_id_1fbb5f2c" ON "auth_user_user_permissions" ("permission_id");
CREATE INDEX IF NOT EXISTS "django_admin_log_content_type_id_c4bce8eb" ON "django_admin_log" ("content_type_id");
CREATE INDEX IF NOT EXISTS "django_admin_log_user_id_c564eba6" ON "django_admin_log" ("user_id");
CREATE UNIQUE INDEX "django_content_type_app_label_model_76bd3d3b_uniq" ON "django_content_type" ("app_label", "model");
CREATE UNIQUE INDEX "auth_permission_content_type_id_codename_01ab375a_uniq" ON "auth_permission" ("content_type_id", "codename");
CREATE INDEX IF NOT EXISTS "auth_permission_content_type_id_2f476e4b" ON "auth_permission" ("content_type_id");
CREATE INDEX IF NOT EXISTS "main_app_salehistory_user_id_5d2e7428" ON "main_app_salehistory" ("user_id");
CREATE INDEX IF NOT EXISTS "main_app_purchasehistroy_user_id_f00e7434" ON "main_app_purchasehistroy" ("user_id");
CREATE INDEX IF NOT EXISTS "django_session_expire_date_a5c62663" ON "django_session" ("expire_date");
CREATE TABLE IF NOT EXISTS "main_app_salehistory" ("id" integer NOT NULL PRIMARY KEY AUTOINCREMENT, "total" integer NOT NULL, "paid" integer NOT NULL, "remaining" integer NOT NULL, "remark" varchar(50) NOT NULL, "date" date NOT NULL, "user_id" integer NULL REFERENCES "main_app_saletrans" ("id") DEFERRABLE INITIALLY DEFERRED);
INSERT INTO "main_app_salehistory" VALUES(1,4000,500,3500,'Cash','2020-10-10',1);
CREATE UNIQUE INDEX "auth_group_permissions_group_id_permission_id_0cd325b0_uniq" ON "auth_group_permissions" ("group_id", "permission_id");
CREATE INDEX IF NOT EXISTS "auth_group_permissions_group_id_b120cbf9" ON "auth_group_permissions" ("group_id");
CREATE INDEX IF NOT EXISTS "auth_group_permissions_permission_id_84c5c92e" ON "auth_group_permissions" ("permission_id");
CREATE UNIQUE INDEX "auth_user_groups_user_id_group_id_94350c0c_uniq" ON "auth_user_groups" ("user_id", "group_id");
CREATE INDEX IF NOT EXISTS "auth_user_groups_user_id_6a12ed8b" ON "auth_user_groups" ("user_id");
CREATE INDEX IF NOT EXISTS "auth_user_groups_group_id_97559544" ON "auth_user_groups" ("group_id");
CREATE UNIQUE INDEX "auth_user_user_permissions_user_id_permission_id_14a6b632_uniq" ON "auth_user_user_permissions" ("user_id", "permission_id");
CREATE INDEX IF NOT EXISTS "auth_user_user_permissions_user_id_a95ead1b" ON "auth_user_user_permissions" ("user_id");
CREATE INDEX IF NOT EXISTS "auth_user_user_permissions_permission_id_1fbb5f2c" ON "auth_user_user_permissions" ("permission_id");
CREATE INDEX IF NOT EXISTS "django_admin_log_content_type_id_c4bce8eb" ON "django_admin_log" ("content_type_id");
CREATE INDEX IF NOT EXISTS "django_admin_log_user_id_c564eba6" ON "django_admin_log" ("user_id");
CREATE UNIQUE INDEX "django_content_type_app_label_model_76bd3d3b_uniq" ON "django_content_type" ("app_label", "model");
CREATE UNIQUE INDEX "auth_permission_content_type_id_codename_01ab375a_uniq" ON "auth_permission" ("content_type_id", "codename");
CREATE INDEX IF NOT EXISTS "auth_permission_content_type_id_2f476e4b" ON "auth_permission" ("content_type_id");
CREATE INDEX IF NOT EXISTS "main_app_salehistory_user_id_5d2e7428" ON "main_app_salehistory" ("user_id");
CREATE INDEX IF NOT EXISTS "main_app_purchasehistroy_user_id_f00e7434" ON "main_app_purchasehistroy" ("user_id");
CREATE INDEX IF NOT EXISTS "django_session_expire_date_a5c62663" ON "django_session" ("expire_date");
CREATE TABLE IF NOT EXISTS "main_app_saletrans" ("id" integer NOT NULL PRIMARY KEY AUTOINCREMENT, "CustomerName" varchar(256) NOT NULL, "CustomerContact" varchar(256) NOT NULL, "batch_no" varchar(256) NOT NULL, "stock_name" varchar(256) NOT NULL, "size" varchar(100) NOT NULL, "qty" integer NOT NULL, "price" integer NOT NULL, "paid" integer NOT NULL, "remaining" integer NOT NULL, "remark" varchar(100) NOT NULL, "total" integer NOT NULL, "option" varchar(50) NOT NULL, "uploaded_at" date NOT NULL);
INSERT INTO "main_app_saletrans" VALUES(1,'FirstSale','999999999','B13','Any','345 ML',20,200,500,3500,'Cash',4000,'Counter','2020-10-10');
CREATE UNIQUE INDEX "auth_group_permissions_group_id_permission_id_0cd325b0_uniq" ON "auth_group_permissions" ("group_id", "permission_id");
CREATE INDEX IF NOT EXISTS "auth_group_permissions_group_id_b120cbf9" ON "auth_group_permissions" ("group_id");
CREATE INDEX IF NOT EXISTS "auth_group_permissions_permission_id_84c5c92e" ON "auth_group_permissions" ("permission_id");
CREATE UNIQUE INDEX "auth_user_groups_user_id_group_id_94350c0c_uniq" ON "auth_user_groups" ("user_id", "group_id");
CREATE INDEX IF NOT EXISTS "auth_user_groups_user_id_6a12ed8b" ON "auth_user_groups" ("user_id");
CREATE INDEX IF NOT EXISTS "auth_user_groups_group_id_97559544" ON "auth_user_groups" ("group_id");
CREATE UNIQUE INDEX "auth_user_user_permissions_user_id_permission_id_14a6b632_uniq" ON "auth_user_user_permissions" ("user_id", "permission_id");
CREATE INDEX IF NOT EXISTS "auth_user_user_permissions_user_id_a95ead1b" ON "auth_user_user_permissions" ("user_id");
CREATE INDEX IF NOT EXISTS "auth_user_user_permissions_permission_id_1fbb5f2c" ON "auth_user_user_permissions" ("permission_id");
CREATE INDEX IF NOT EXISTS "django_admin_log_content_type_id_c4bce8eb" ON "django_admin_log" ("content_type_id");
CREATE INDEX IF NOT EXISTS "django_admin_log_user_id_c564eba6" ON "django_admin_log" ("user_id");
CREATE UNIQUE INDEX "django_content_type_app_label_model_76bd3d3b_uniq" ON "django_content_type" ("app_label", "model");
CREATE UNIQUE INDEX "auth_permission_content_type_id_codename_01ab375a_uniq" ON "auth_permission" ("content_type_id", "codename");
CREATE INDEX IF NOT EXISTS "auth_permission_content_type_id_2f476e4b" ON "auth_permission" ("content_type_id");
CREATE INDEX IF NOT EXISTS "main_app_salehistory_user_id_5d2e7428" ON "main_app_salehistory" ("user_id");
CREATE INDEX IF NOT EXISTS "main_app_purchasehistroy_user_id_f00e7434" ON "main_app_purchasehistroy" ("user_id");
CREATE INDEX IF NOT EXISTS "django_session_expire_date_a5c62663" ON "django_session" ("expire_date");
CREATE TABLE IF NOT EXISTS "main_app_stock" ("id" integer NOT NULL PRIMARY KEY AUTOINCREMENT, "batch_sr_no" varchar(100) NOT NULL, "stock_name" varchar(100) NOT NULL, "vandor_price" integer NOT NULL, "pack" integer NOT NULL, "size" varchar(100) NOT NULL, "qty" integer NOT NULL, "selling_price" integer NOT NULL, "date" date NOT NULL);
INSERT INTO "main_app_stock" VALUES(1,'B14','Nirwana',60,50,'1',60,80,'2020-10-10');
INSERT INTO "main_app_stock" VALUES(3,'B11','Any',200,21,'10 KG',1,400,'2020-10-10');
CREATE UNIQUE INDEX "auth_group_permissions_group_id_permission_id_0cd325b0_uniq" ON "auth_group_permissions" ("group_id", "permission_id");
CREATE INDEX IF NOT EXISTS "auth_group_permissions_group_id_b120cbf9" ON "auth_group_permissions" ("group_id");
CREATE INDEX IF NOT EXISTS "auth_group_permissions_permission_id_84c5c92e" ON "auth_group_permissions" ("permission_id");
CREATE UNIQUE INDEX "auth_user_groups_user_id_group_id_94350c0c_uniq" ON "auth_user_groups" ("user_id", "group_id");
CREATE INDEX IF NOT EXISTS "auth_user_groups_user_id_6a12ed8b" ON "auth_user_groups" ("user_id");
CREATE INDEX IF NOT EXISTS "auth_user_groups_group_id_97559544" ON "auth_user_groups" ("group_id");
CREATE UNIQUE INDEX "auth_user_user_permissions_user_id_permission_id_14a6b632_uniq" ON "auth_user_user_permissions" ("user_id", "permission_id");
CREATE INDEX IF NOT EXISTS "auth_user_user_permissions_user_id_a95ead1b" ON "auth_user_user_permissions" ("user_id");
CREATE INDEX IF NOT EXISTS "auth_user_user_permissions_permission_id_1fbb5f2c" ON "auth_user_user_permissions" ("permission_id");
CREATE INDEX IF NOT EXISTS "django_admin_log_content_type_id_c4bce8eb" ON "django_admin_log" ("content_type_id");
CREATE INDEX IF NOT EXISTS "django_admin_log_user_id_c564eba6" ON "django_admin_log" ("user_id");
CREATE UNIQUE INDEX "django_content_type_app_label_model_76bd3d3b_uniq" ON "django_content_type" ("app_label", "model");
CREATE UNIQUE INDEX "auth_permission_content_type_id_codename_01ab375a_uniq" ON "auth_permission" ("content_type_id", "codename");
CREATE INDEX IF NOT EXISTS "auth_permission_content_type_id_2f476e4b" ON "auth_permission" ("content_type_id");
CREATE INDEX IF NOT EXISTS "main_app_salehistory_user_id_5d2e7428" ON "main_app_salehistory" ("user_id");
CREATE INDEX IF NOT EXISTS "main_app_purchasehistroy_user_id_f00e7434" ON "main_app_purchasehistroy" ("user_id");
CREATE INDEX IF NOT EXISTS "django_session_expire_date_a5c62663" ON "django_session" ("expire_date");
